sample_name,dataset,SUPER,SUB
HG01879,GnomAD,AFR,ACB
HG01882,GnomAD,AFR,ACB
HG01883,GnomAD,AFR,ACB
HG01885,GnomAD,AFR,ACB
HG01886,GnomAD,AFR,ACB
HG01889,GnomAD,AFR,ACB
HG01890,GnomAD,AFR,ACB
HG01894,GnomAD,AFR,ACB
HG01896,GnomAD,AFR,ACB
HG01912,GnomAD,AFR,ACB
HG01914,GnomAD,AFR,ACB
HG01915,GnomAD,AFR,ACB
HG01956,GnomAD,AFR,ACB
HG01958,GnomAD,AFR,ACB
HG01985,GnomAD,AFR,ACB
HG01986,GnomAD,AFR,ACB
HG01988,GnomAD,AFR,ACB
HG01989,GnomAD,AFR,ACB
HG01990,GnomAD,AFR,ACB
HG02009,GnomAD,AFR,ACB
HG02010,GnomAD,AFR,ACB
HG02012,GnomAD,AFR,ACB
HG02013,GnomAD,AFR,ACB
HG02014,GnomAD,AFR,ACB
HG02051,GnomAD,AFR,ACB
HG02052,GnomAD,AFR,ACB
HG02053,GnomAD,AFR,ACB
HG02054,GnomAD,AFR,ACB
HG02095,GnomAD,AFR,ACB
HG02107,GnomAD,AFR,ACB
HG02108,GnomAD,AFR,ACB
HG02111,GnomAD,AFR,ACB
HG02143,GnomAD,AFR,ACB
HG02144,GnomAD,AFR,ACB
HG02255,GnomAD,AFR,ACB
HG02256,GnomAD,AFR,ACB
HG02281,GnomAD,AFR,ACB
HG02282,GnomAD,AFR,ACB
HG02283,GnomAD,AFR,ACB
HG02284,GnomAD,AFR,ACB
HG02307,GnomAD,AFR,ACB
HG02308,GnomAD,AFR,ACB
HG02309,GnomAD,AFR,ACB
HG02314,GnomAD,AFR,ACB
HG02315,GnomAD,AFR,ACB
HG02317,GnomAD,AFR,ACB
HG02318,GnomAD,AFR,ACB
HG02322,GnomAD,AFR,ACB
HG02323,GnomAD,AFR,ACB
HG02325,GnomAD,AFR,ACB
HG02330,GnomAD,AFR,ACB
HG02332,GnomAD,AFR,ACB
HG02334,GnomAD,AFR,ACB
HG02337,GnomAD,AFR,ACB
HG02339,GnomAD,AFR,ACB
HG02343,GnomAD,AFR,ACB
HG02419,GnomAD,AFR,ACB
HG02420,GnomAD,AFR,ACB
HG02427,GnomAD,AFR,ACB
HG02429,GnomAD,AFR,ACB
HG02433,GnomAD,AFR,ACB
HG02439,GnomAD,AFR,ACB
HG02442,GnomAD,AFR,ACB
HG02445,GnomAD,AFR,ACB
HG02449,GnomAD,AFR,ACB
HG02450,GnomAD,AFR,ACB
HG02455,GnomAD,AFR,ACB
HG02461,GnomAD,AFR,GWD
HG02462,GnomAD,AFR,GWD
HG02464,GnomAD,AFR,GWD
HG02465,GnomAD,AFR,GWD
HG02470,GnomAD,AFR,ACB
HG02471,GnomAD,AFR,ACB
HG02476,GnomAD,AFR,ACB
HG02477,GnomAD,AFR,ACB
HG02481,GnomAD,AFR,ACB
HG02484,GnomAD,AFR,ACB
HG02485,GnomAD,AFR,ACB
HG02489,GnomAD,AFR,ACB
HG02496,GnomAD,AFR,ACB
HG02497,GnomAD,AFR,ACB
HG02501,GnomAD,AFR,ACB
HG02502,GnomAD,AFR,ACB
HG02505,GnomAD,AFR,ACB
HG02508,GnomAD,AFR,ACB
HG02511,GnomAD,AFR,ACB
HG02536,GnomAD,AFR,ACB
HG02537,GnomAD,AFR,ACB
HG02541,GnomAD,AFR,ACB
HG02545,GnomAD,AFR,ACB
HG02546,GnomAD,AFR,ACB
HG02549,GnomAD,AFR,ACB
HG02554,GnomAD,AFR,ACB
HG02555,GnomAD,AFR,ACB
HG02557,GnomAD,AFR,ACB
HG02558,GnomAD,AFR,ACB
HG02561,GnomAD,AFR,GWD
HG02562,GnomAD,AFR,GWD
HG02569,GnomAD,AFR,GWD
HG02570,GnomAD,AFR,GWD
HG02571,GnomAD,AFR,GWD
HG02573,GnomAD,AFR,GWD
HG02574,GnomAD,AFR,GWD
HG02577,GnomAD,AFR,ACB
HG02580,GnomAD,AFR,ACB
HG02582,GnomAD,AFR,GWD
HG02583,GnomAD,AFR,GWD
HG02585,GnomAD,AFR,GWD
HG02586,GnomAD,AFR,GWD
HG02588,GnomAD,AFR,GWD
HG02589,GnomAD,AFR,GWD
HG02594,GnomAD,AFR,GWD
HG02595,GnomAD,AFR,GWD
HG02610,GnomAD,AFR,GWD
HG02611,GnomAD,AFR,GWD
HG02613,GnomAD,AFR,GWD
HG02614,GnomAD,AFR,GWD
HG02620,GnomAD,AFR,GWD
HG02621,GnomAD,AFR,GWD
HG02625,GnomAD,AFR,GWD
HG02628,GnomAD,AFR,GWD
HG02629,GnomAD,AFR,GWD
HG02634,GnomAD,AFR,GWD
HG02635,GnomAD,AFR,GWD
HG02642,GnomAD,AFR,GWD
HG02643,GnomAD,AFR,GWD
HG02645,GnomAD,AFR,GWD
HG02646,GnomAD,AFR,GWD
HG02666,GnomAD,AFR,GWD
HG02667,GnomAD,AFR,GWD
HG02675,GnomAD,AFR,GWD
HG02676,GnomAD,AFR,GWD
HG02678,GnomAD,AFR,GWD
HG02679,GnomAD,AFR,GWD
HG02702,GnomAD,AFR,GWD
HG02703,GnomAD,AFR,GWD
HG02715,GnomAD,AFR,GWD
HG02716,GnomAD,AFR,GWD
HG02721,GnomAD,AFR,GWD
HG02722,GnomAD,AFR,GWD
HG02756,GnomAD,AFR,GWD
HG02757,GnomAD,AFR,GWD
HG02759,GnomAD,AFR,GWD
HG02760,GnomAD,AFR,GWD
HG02762,GnomAD,AFR,GWD
HG02763,GnomAD,AFR,GWD
HG02768,GnomAD,AFR,GWD
HG02769,GnomAD,AFR,GWD
HG02771,GnomAD,AFR,GWD
HG02772,GnomAD,AFR,GWD
HG02798,GnomAD,AFR,GWD
HG02799,GnomAD,AFR,GWD
HG02804,GnomAD,AFR,GWD
HG02805,GnomAD,AFR,GWD
HG02807,GnomAD,AFR,GWD
HG02808,GnomAD,AFR,GWD
HG02810,GnomAD,AFR,GWD
HG02811,GnomAD,AFR,GWD
HG02813,GnomAD,AFR,GWD
HG02814,GnomAD,AFR,GWD
HG02816,GnomAD,AFR,GWD
HG02817,GnomAD,AFR,GWD
HG02819,GnomAD,AFR,GWD
HG02820,GnomAD,AFR,GWD
HG02836,GnomAD,AFR,GWD
HG02837,GnomAD,AFR,GWD
HG02839,GnomAD,AFR,GWD
HG02840,GnomAD,AFR,GWD
HG02851,GnomAD,AFR,GWD
HG02852,GnomAD,AFR,GWD
HG02854,GnomAD,AFR,GWD
HG02855,GnomAD,AFR,GWD
HG02860,GnomAD,AFR,GWD
HG02861,GnomAD,AFR,GWD
HG02871,GnomAD,AFR,GWD
HG02878,GnomAD,AFR,GWD
HG02879,GnomAD,AFR,GWD
HG02881,GnomAD,AFR,GWD
HG02882,GnomAD,AFR,GWD
HG02884,GnomAD,AFR,GWD
HG02885,GnomAD,AFR,GWD
HG02887,GnomAD,AFR,GWD
HG02888,GnomAD,AFR,GWD
HG02890,GnomAD,AFR,GWD
HG02891,GnomAD,AFR,GWD
HG02895,GnomAD,AFR,GWD
HG02896,GnomAD,AFR,GWD
HG02922,GnomAD,AFR,ESN
HG02923,GnomAD,AFR,ESN
HG02938,GnomAD,AFR,ESN
HG02941,GnomAD,AFR,ESN
HG02943,GnomAD,AFR,ESN
HG02944,GnomAD,AFR,ESN
HG02946,GnomAD,AFR,ESN
HG02947,GnomAD,AFR,ESN
HG02952,GnomAD,AFR,ESN
HG02953,GnomAD,AFR,ESN
HG02964,GnomAD,AFR,ESN
HG02965,GnomAD,AFR,ESN
HG02968,GnomAD,AFR,ESN
HG02970,GnomAD,AFR,ESN
HG02971,GnomAD,AFR,ESN
HG02973,GnomAD,AFR,ESN
HG02974,GnomAD,AFR,ESN
HG02976,GnomAD,AFR,ESN
HG02977,GnomAD,AFR,ESN
HG02979,GnomAD,AFR,ESN
HG02981,GnomAD,AFR,ESN
HG02982,GnomAD,AFR,GWD
HG02983,GnomAD,AFR,GWD
HG03024,GnomAD,AFR,GWD
HG03025,GnomAD,AFR,GWD
HG03027,GnomAD,AFR,GWD
HG03028,GnomAD,AFR,GWD
HG03033,GnomAD,AFR,GWD
HG03034,GnomAD,AFR,GWD
HG03039,GnomAD,AFR,GWD
HG03040,GnomAD,AFR,GWD
HG03045,GnomAD,AFR,GWD
HG03046,GnomAD,AFR,GWD
HG03048,GnomAD,AFR,GWD
HG03049,GnomAD,AFR,GWD
HG03052,GnomAD,AFR,MSL
HG03054,GnomAD,AFR,MSL
HG03055,GnomAD,AFR,MSL
HG03057,GnomAD,AFR,MSL
HG03058,GnomAD,AFR,MSL
HG03060,GnomAD,AFR,MSL
HG03061,GnomAD,AFR,MSL
HG03063,GnomAD,AFR,MSL
HG03064,GnomAD,AFR,MSL
HG03066,GnomAD,AFR,MSL
HG03069,GnomAD,AFR,MSL
HG03072,GnomAD,AFR,MSL
HG03073,GnomAD,AFR,MSL
HG03074,GnomAD,AFR,MSL
HG03077,GnomAD,AFR,MSL
HG03078,GnomAD,AFR,MSL
HG03079,GnomAD,AFR,MSL
HG03081,GnomAD,AFR,MSL
HG03082,GnomAD,AFR,MSL
HG03084,GnomAD,AFR,MSL
HG03085,GnomAD,AFR,MSL
HG03086,GnomAD,AFR,MSL
HG03088,GnomAD,AFR,MSL
HG03091,GnomAD,AFR,MSL
HG03095,GnomAD,AFR,MSL
HG03098,GnomAD,AFR,MSL
HG03099,GnomAD,AFR,ESN
HG03100,GnomAD,AFR,ESN
HG03103,GnomAD,AFR,ESN
HG03105,GnomAD,AFR,ESN
HG03108,GnomAD,AFR,ESN
HG03109,GnomAD,AFR,ESN
HG03111,GnomAD,AFR,ESN
HG03112,GnomAD,AFR,ESN
HG03114,GnomAD,AFR,ESN
HG03115,GnomAD,AFR,ESN
HG03117,GnomAD,AFR,ESN
HG03118,GnomAD,AFR,ESN
HG03120,GnomAD,AFR,ESN
HG03121,GnomAD,AFR,ESN
HG03123,GnomAD,AFR,ESN
HG03124,GnomAD,AFR,ESN
HG03126,GnomAD,AFR,ESN
HG03127,GnomAD,AFR,ESN
HG03129,GnomAD,AFR,ESN
HG03130,GnomAD,AFR,ESN
HG03132,GnomAD,AFR,ESN
HG03133,GnomAD,AFR,ESN
HG03135,GnomAD,AFR,ESN
HG03136,GnomAD,AFR,ESN
HG03139,GnomAD,AFR,ESN
HG03157,GnomAD,AFR,ESN
HG03159,GnomAD,AFR,ESN
HG03160,GnomAD,AFR,ESN
HG03162,GnomAD,AFR,ESN
HG03163,GnomAD,AFR,ESN
HG03166,GnomAD,AFR,ESN
HG03168,GnomAD,AFR,ESN
HG03169,GnomAD,AFR,ESN
HG03172,GnomAD,AFR,ESN
HG03175,GnomAD,AFR,ESN
HG03189,GnomAD,AFR,ESN
HG03190,GnomAD,AFR,ESN
HG03193,GnomAD,AFR,ESN
HG03195,GnomAD,AFR,ESN
HG03196,GnomAD,AFR,ESN
HG03198,GnomAD,AFR,ESN
HG03199,GnomAD,AFR,ESN
HG03202,GnomAD,AFR,ESN
HG03209,GnomAD,AFR,MSL
HG03212,GnomAD,AFR,MSL
HG03224,GnomAD,AFR,MSL
HG03225,GnomAD,AFR,MSL
HG03240,GnomAD,AFR,GWD
HG03241,GnomAD,AFR,GWD
HG03246,GnomAD,AFR,GWD
HG03247,GnomAD,AFR,GWD
HG03249,GnomAD,AFR,GWD
HG03258,GnomAD,AFR,GWD
HG03259,GnomAD,AFR,GWD
HG03265,GnomAD,AFR,ESN
HG03267,GnomAD,AFR,ESN
HG03268,GnomAD,AFR,ESN
HG03270,GnomAD,AFR,ESN
HG03271,GnomAD,AFR,ESN
HG03279,GnomAD,AFR,ESN
HG03280,GnomAD,AFR,ESN
HG03291,GnomAD,AFR,ESN
HG03294,GnomAD,AFR,ESN
HG03295,GnomAD,AFR,ESN
HG03297,GnomAD,AFR,ESN
HG03298,GnomAD,AFR,ESN
HG03302,GnomAD,AFR,ESN
HG03303,GnomAD,AFR,ESN
HG03304,GnomAD,AFR,ESN
HG03306,GnomAD,AFR,ESN
HG03307,GnomAD,AFR,ESN
HG03309,GnomAD,AFR,ESN
HG03311,GnomAD,AFR,ESN
HG03312,GnomAD,AFR,ESN
HG03313,GnomAD,AFR,ESN
HG03342,GnomAD,AFR,ESN
HG03343,GnomAD,AFR,ESN
HG03350,GnomAD,AFR,ESN
HG03354,GnomAD,AFR,ESN
HG03363,GnomAD,AFR,ESN
HG03366,GnomAD,AFR,ESN
HG03367,GnomAD,AFR,ESN
HG03369,GnomAD,AFR,ESN
HG03370,GnomAD,AFR,ESN
HG03372,GnomAD,AFR,ESN
HG03373,GnomAD,AFR,ESN
HG03376,GnomAD,AFR,MSL
HG03378,GnomAD,AFR,MSL
HG03380,GnomAD,AFR,MSL
HG03382,GnomAD,AFR,MSL
HG03385,GnomAD,AFR,MSL
HG03388,GnomAD,AFR,MSL
HG03391,GnomAD,AFR,MSL
HG03394,GnomAD,AFR,MSL
HG03397,GnomAD,AFR,MSL
HG03401,GnomAD,AFR,MSL
HG03410,GnomAD,AFR,MSL
HG03419,GnomAD,AFR,MSL
HG03428,GnomAD,AFR,MSL
HG03432,GnomAD,AFR,MSL
HG03433,GnomAD,AFR,MSL
HG03436,GnomAD,AFR,MSL
HG03437,GnomAD,AFR,MSL
HG03439,GnomAD,AFR,MSL
HG03442,GnomAD,AFR,MSL
HG03445,GnomAD,AFR,MSL
HG03446,GnomAD,AFR,MSL
HG03449,GnomAD,AFR,MSL
HG03451,GnomAD,AFR,MSL
HG03452,GnomAD,AFR,MSL
HG03454,GnomAD,AFR,MSL
HG03455,GnomAD,AFR,MSL
HG03458,GnomAD,AFR,MSL
HG03460,GnomAD,AFR,MSL
HG03461,GnomAD,AFR,MSL
HG03469,GnomAD,AFR,MSL
HG03470,GnomAD,AFR,MSL
HG03472,GnomAD,AFR,MSL
HG03473,GnomAD,AFR,MSL
HG03476,GnomAD,AFR,MSL
HG03480,GnomAD,AFR,MSL
HG03484,GnomAD,AFR,MSL
HG03485,GnomAD,AFR,MSL
HG03499,GnomAD,AFR,ESN
HG03514,GnomAD,AFR,ESN
HG03515,GnomAD,AFR,ESN
HG03517,GnomAD,AFR,ESN
HG03518,GnomAD,AFR,ESN
HG03520,GnomAD,AFR,ESN
HG03521,GnomAD,AFR,ESN
HG03538,GnomAD,AFR,GWD
HG03539,GnomAD,AFR,GWD
HG03547,GnomAD,AFR,MSL
HG03548,GnomAD,AFR,MSL
HG03556,GnomAD,AFR,MSL
HG03557,GnomAD,AFR,MSL
HG03558,GnomAD,AFR,MSL
HG03559,GnomAD,AFR,MSL
HG03563,GnomAD,AFR,MSL
HG03565,GnomAD,AFR,MSL
HG03567,GnomAD,AFR,MSL
HG03571,GnomAD,AFR,MSL
HG03572,GnomAD,AFR,MSL
HG03576,GnomAD,AFR,MSL
HG03577,GnomAD,AFR,MSL
HG03578,GnomAD,AFR,MSL
HG03582,GnomAD,AFR,MSL
HG03583,GnomAD,AFR,MSL
HGDP00450,GnomAD,AFR,MbutiPygmy
HGDP00453,GnomAD,AFR,BiakaPygmy
HGDP00454,GnomAD,AFR,BiakaPygmy
HGDP00455,GnomAD,AFR,BiakaPygmy
HGDP00458,GnomAD,AFR,BiakaPygmy
HGDP00459,GnomAD,AFR,BiakaPygmy
HGDP00460,GnomAD,AFR,BiakaPygmy
HGDP00462,GnomAD,AFR,MbutiPygmy
HGDP00463,GnomAD,AFR,MbutiPygmy
HGDP00464,GnomAD,AFR,BiakaPygmy
HGDP00465,GnomAD,AFR,BiakaPygmy
HGDP00466,GnomAD,AFR,BiakaPygmy
HGDP00467,GnomAD,AFR,MbutiPygmy
HGDP00469,GnomAD,AFR,BiakaPygmy
HGDP00470,GnomAD,AFR,BiakaPygmy
HGDP00471,GnomAD,AFR,MbutiPygmy
HGDP00472,GnomAD,AFR,BiakaPygmy
HGDP00473,GnomAD,AFR,BiakaPygmy
HGDP00475,GnomAD,AFR,BiakaPygmy
HGDP00478,GnomAD,AFR,MbutiPygmy
HGDP00904,GnomAD,AFR,Mandenka
HGDP00905,GnomAD,AFR,Mandenka
HGDP00906,GnomAD,AFR,Mandenka
HGDP00907,GnomAD,AFR,Mandenka
HGDP00908,GnomAD,AFR,Mandenka
HGDP00909,GnomAD,AFR,Mandenka
HGDP00910,GnomAD,AFR,Mandenka
HGDP00911,GnomAD,AFR,Mandenka
HGDP00912,GnomAD,AFR,Mandenka
HGDP00914,GnomAD,AFR,Mandenka
HGDP00916,GnomAD,AFR,Mandenka
HGDP00917,GnomAD,AFR,Mandenka
HGDP00918,GnomAD,AFR,Mandenka
HGDP00919,GnomAD,AFR,Mandenka
HGDP00920,GnomAD,AFR,Yoruba
HGDP00924,GnomAD,AFR,Yoruba
HGDP00925,GnomAD,AFR,Yoruba
HGDP00926,GnomAD,AFR,Yoruba
HGDP00929,GnomAD,AFR,Yoruba
HGDP00930,GnomAD,AFR,Yoruba
HGDP00931,GnomAD,AFR,Yoruba
HGDP00933,GnomAD,AFR,Yoruba
HGDP00934,GnomAD,AFR,Yoruba
HGDP00935,GnomAD,AFR,Yoruba
HGDP00937,GnomAD,AFR,Yoruba
HGDP00938,GnomAD,AFR,Yoruba
HGDP00939,GnomAD,AFR,Yoruba
HGDP00940,GnomAD,AFR,Yoruba
HGDP00941,GnomAD,AFR,Yoruba
HGDP00942,GnomAD,AFR,Yoruba
HGDP00943,GnomAD,AFR,Yoruba
HGDP00944,GnomAD,AFR,Yoruba
HGDP00983,GnomAD,AFR,MbutiPygmy
HGDP00984,GnomAD,AFR,MbutiPygmy
HGDP00985,GnomAD,AFR,BiakaPygmy
HGDP00986,GnomAD,AFR,BiakaPygmy
HGDP00992,GnomAD,AFR,San
HGDP00993,GnomAD,AFR,BantuSouthAfrica
HGDP00994,GnomAD,AFR,BantuSouthAfrica
HGDP01029,GnomAD,AFR,San
HGDP01031,GnomAD,AFR,BantuSouthAfrica
HGDP01033,GnomAD,AFR,BantuSouthAfrica
HGDP01081,GnomAD,AFR,MbutiPygmy
HGDP01086,GnomAD,AFR,BiakaPygmy
HGDP01090,GnomAD,AFR,BiakaPygmy
HGDP01092,GnomAD,AFR,BiakaPygmy
HGDP01094,GnomAD,AFR,BiakaPygmy
HGDP01200,GnomAD,AFR,Mandenka
HGDP01201,GnomAD,AFR,Mandenka
HGDP01202,GnomAD,AFR,Mandenka
HGDP01283,GnomAD,AFR,Mandenka
HGDP01405,GnomAD,AFR,BantuKenya
HGDP01406,GnomAD,AFR,BantuKenya
HGDP01408,GnomAD,AFR,BantuKenya
HGDP01413,GnomAD,AFR,BantuKenya
HGDP01415,GnomAD,AFR,BantuKenya
HGDP01416,GnomAD,AFR,BantuKenya
HGDP01418,GnomAD,AFR,BantuKenya
HGDP01419,GnomAD,AFR,BantuKenya
LP6005441-DNA_A08,GnomAD,AFR,MbutiPygmy
LP6005441-DNA_A11,GnomAD,AFR,San
LP6005441-DNA_B02,GnomAD,AFR,BantuKenya
LP6005441-DNA_B08,GnomAD,AFR,MbutiPygmy
LP6005441-DNA_B11,GnomAD,AFR,San
LP6005441-DNA_E07,GnomAD,AFR,Mandenka
LP6005441-DNA_F01,GnomAD,AFR,BantuSouthAfrica
LP6005441-DNA_H02,GnomAD,AFR,BiakaPygmy
LP6005442-DNA_A02,GnomAD,AFR,Yoruba
LP6005442-DNA_B02,GnomAD,AFR,Yoruba
LP6005443-DNA_A01,GnomAD,AFR,BantuKenya
LP6005443-DNA_E02,GnomAD,AFR,BantuSouthAfrica
LP6005443-DNA_F02,GnomAD,AFR,BantuSouthAfrica
LP6005443-DNA_G02,GnomAD,AFR,BantuSouthAfrica
LP6005443-DNA_G08,GnomAD,AFR,San
LP6005592-DNA_C03,GnomAD,AFR,MbutiPygmy
NA18486,GnomAD,AFR,YRI
NA18487,GnomAD,AFR,YRI
NA18488,GnomAD,AFR,YRI
NA18489,GnomAD,AFR,YRI
NA18498,GnomAD,AFR,YRI
NA18499,GnomAD,AFR,YRI
NA18501,GnomAD,AFR,YRI
NA18502,GnomAD,AFR,YRI
NA18504,GnomAD,AFR,YRI
NA18505,GnomAD,AFR,YRI
NA18507,GnomAD,AFR,YRI
NA18508,GnomAD,AFR,YRI
NA18510,GnomAD,AFR,YRI
NA18511,GnomAD,AFR,YRI
NA18516,GnomAD,AFR,YRI
NA18517,GnomAD,AFR,YRI
NA18519,GnomAD,AFR,YRI
NA18520,GnomAD,AFR,YRI
NA18522,GnomAD,AFR,YRI
NA18523,GnomAD,AFR,YRI
NA18852,GnomAD,AFR,YRI
NA18853,GnomAD,AFR,YRI
NA18855,GnomAD,AFR,YRI
NA18856,GnomAD,AFR,YRI
NA18858,GnomAD,AFR,YRI
NA18859,GnomAD,AFR,YRI
NA18861,GnomAD,AFR,YRI
NA18862,GnomAD,AFR,YRI
NA18865,GnomAD,AFR,YRI
NA18867,GnomAD,AFR,YRI
NA18868,GnomAD,AFR,YRI
NA18870,GnomAD,AFR,YRI
NA18871,GnomAD,AFR,YRI
NA18873,GnomAD,AFR,YRI
NA18874A,GnomAD,AFR,YRI
NA18876,GnomAD,AFR,YRI
NA18877,GnomAD,AFR,YRI
NA18878,GnomAD,AFR,YRI
NA18879,GnomAD,AFR,YRI
NA18881,GnomAD,AFR,YRI
NA18907,GnomAD,AFR,YRI
NA18908,GnomAD,AFR,YRI
NA18909,GnomAD,AFR,YRI
NA18910,GnomAD,AFR,YRI
NA18912,GnomAD,AFR,YRI
NA18913,GnomAD,AFR,YRI
NA18915,GnomAD,AFR,YRI
NA18916,GnomAD,AFR,YRI
NA18917,GnomAD,AFR,YRI
NA18923,GnomAD,AFR,YRI
NA18924,GnomAD,AFR,YRI
NA18933,GnomAD,AFR,YRI
NA18934,GnomAD,AFR,YRI
NA19017,GnomAD,AFR,LWK
NA19019,GnomAD,AFR,LWK
NA19020,GnomAD,AFR,LWK
NA19023,GnomAD,AFR,LWK
NA19024,GnomAD,AFR,LWK
NA19026,GnomAD,AFR,LWK
NA19027,GnomAD,AFR,LWK
NA19028,GnomAD,AFR,LWK
NA19030,GnomAD,AFR,LWK
NA19031,GnomAD,AFR,LWK
NA19035,GnomAD,AFR,LWK
NA19036,GnomAD,AFR,LWK
NA19037,GnomAD,AFR,LWK
NA19038,GnomAD,AFR,LWK
NA19041,GnomAD,AFR,LWK
NA19043,GnomAD,AFR,LWK
NA19092,GnomAD,AFR,YRI
NA19093,GnomAD,AFR,YRI
NA19095,GnomAD,AFR,YRI
NA19096,GnomAD,AFR,YRI
NA19098,GnomAD,AFR,YRI
NA19099,GnomAD,AFR,YRI
NA19102,GnomAD,AFR,YRI
NA19107,GnomAD,AFR,YRI
NA19108,GnomAD,AFR,YRI
NA19113,GnomAD,AFR,YRI
NA19114,GnomAD,AFR,YRI
NA19116,GnomAD,AFR,YRI
NA19117,GnomAD,AFR,YRI
NA19118,GnomAD,AFR,YRI
NA19119,GnomAD,AFR,YRI
NA19121,GnomAD,AFR,YRI
NA19122,GnomAD,AFR,YRI
NA19127,GnomAD,AFR,YRI
NA19128,GnomAD,AFR,YRI
NA19130,GnomAD,AFR,YRI
NA19131,GnomAD,AFR,YRI
NA19137,GnomAD,AFR,YRI
NA19138,GnomAD,AFR,YRI
NA19140,GnomAD,AFR,YRI
NA19141,GnomAD,AFR,YRI
NA19143,GnomAD,AFR,YRI
NA19144,GnomAD,AFR,YRI
NA19146,GnomAD,AFR,YRI
NA19147,GnomAD,AFR,YRI
NA19149,GnomAD,AFR,YRI
NA19150,GnomAD,AFR,YRI
NA19152,GnomAD,AFR,YRI
NA19153,GnomAD,AFR,YRI
NA19159,GnomAD,AFR,YRI
NA19160,GnomAD,AFR,YRI
NA19171,GnomAD,AFR,YRI
NA19172,GnomAD,AFR,YRI
NA19177,GnomAD,AFR,YRI
NA19184,GnomAD,AFR,YRI
NA19185,GnomAD,AFR,YRI
NA19189,GnomAD,AFR,YRI
NA19190,GnomAD,AFR,YRI
NA19197,GnomAD,AFR,YRI
NA19198,GnomAD,AFR,YRI
NA19200,GnomAD,AFR,YRI
NA19201,GnomAD,AFR,YRI
NA19203,GnomAD,AFR,YRI
NA19204,GnomAD,AFR,YRI
NA19206,GnomAD,AFR,YRI
NA19207,GnomAD,AFR,YRI
NA19209,GnomAD,AFR,YRI
NA19210,GnomAD,AFR,YRI
NA19213,GnomAD,AFR,YRI
NA19214,GnomAD,AFR,YRI
NA19222,GnomAD,AFR,YRI
NA19223,GnomAD,AFR,YRI
NA19224,GnomAD,AFR,YRI
NA19235,GnomAD,AFR,YRI
NA19236,GnomAD,AFR,YRI
NA19239,GnomAD,AFR,YRI
NA19247,GnomAD,AFR,YRI
NA19248,GnomAD,AFR,YRI
NA19256,GnomAD,AFR,YRI
NA19257,GnomAD,AFR,YRI
NA19308,GnomAD,AFR,LWK
NA19309,GnomAD,AFR,LWK
NA19310,GnomAD,AFR,LWK
NA19312,GnomAD,AFR,LWK
NA19314,GnomAD,AFR,LWK
NA19315,GnomAD,AFR,LWK
NA19316,GnomAD,AFR,LWK
NA19317,GnomAD,AFR,LWK
NA19318,GnomAD,AFR,LWK
NA19319,GnomAD,AFR,LWK
NA19320,GnomAD,AFR,LWK
NA19321,GnomAD,AFR,LWK
NA19323,GnomAD,AFR,LWK
NA19324,GnomAD,AFR,LWK
NA19327,GnomAD,AFR,LWK
NA19328,GnomAD,AFR,LWK
NA19331,GnomAD,AFR,LWK
NA19338,GnomAD,AFR,LWK
NA19346,GnomAD,AFR,LWK
NA19347,GnomAD,AFR,LWK
NA19350,GnomAD,AFR,LWK
NA19351,GnomAD,AFR,LWK
NA19355,GnomAD,AFR,LWK
NA19360,GnomAD,AFR,LWK
NA19372,GnomAD,AFR,LWK
NA19374,GnomAD,AFR,LWK
NA19375,GnomAD,AFR,LWK
NA19376,GnomAD,AFR,LWK
NA19377,GnomAD,AFR,LWK
NA19378,GnomAD,AFR,LWK
NA19379,GnomAD,AFR,LWK
NA19380,GnomAD,AFR,LWK
NA19383,GnomAD,AFR,LWK
NA19384,GnomAD,AFR,LWK
NA19385,GnomAD,AFR,LWK
NA19390,GnomAD,AFR,LWK
NA19391,GnomAD,AFR,LWK
NA19393,GnomAD,AFR,LWK
NA19394,GnomAD,AFR,LWK
NA19397,GnomAD,AFR,LWK
NA19399,GnomAD,AFR,LWK
NA19401,GnomAD,AFR,LWK
NA19403,GnomAD,AFR,LWK
NA19404,GnomAD,AFR,LWK
NA19428,GnomAD,AFR,LWK
NA19429,GnomAD,AFR,LWK
NA19430,GnomAD,AFR,LWK
NA19431,GnomAD,AFR,LWK
NA19435,GnomAD,AFR,LWK
NA19436,GnomAD,AFR,LWK
NA19437,GnomAD,AFR,LWK
NA19438,GnomAD,AFR,LWK
NA19439,GnomAD,AFR,LWK
NA19440,GnomAD,AFR,LWK
NA19443,GnomAD,AFR,LWK
NA19445,GnomAD,AFR,LWK
NA19446,GnomAD,AFR,LWK
NA19448,GnomAD,AFR,LWK
NA19449,GnomAD,AFR,LWK
NA19451,GnomAD,AFR,LWK
NA19452,GnomAD,AFR,LWK
NA19454,GnomAD,AFR,LWK
NA19455,GnomAD,AFR,LWK
NA19456,GnomAD,AFR,LWK
NA19457,GnomAD,AFR,LWK
NA19461,GnomAD,AFR,LWK
NA19462,GnomAD,AFR,LWK
NA19463,GnomAD,AFR,LWK
NA19466,GnomAD,AFR,LWK
NA19467,GnomAD,AFR,LWK
NA19468,GnomAD,AFR,LWK
NA19471,GnomAD,AFR,LWK
NA19472,GnomAD,AFR,LWK
NA19473,GnomAD,AFR,LWK
NA19474,GnomAD,AFR,LWK
NA19475,GnomAD,AFR,LWK
NA19700,GnomAD,AFR,ASW
NA19701,GnomAD,AFR,ASW
NA19703,GnomAD,AFR,ASW
NA19704,GnomAD,AFR,ASW
NA19707,GnomAD,AFR,ASW
NA19711,GnomAD,AFR,ASW
NA19712,GnomAD,AFR,ASW
NA19713,GnomAD,AFR,ASW
NA19818,GnomAD,AFR,ASW
NA19819,GnomAD,AFR,ASW
NA19834,GnomAD,AFR,ASW
NA19835,GnomAD,AFR,ASW
NA19900,GnomAD,AFR,ASW
NA19901,GnomAD,AFR,ASW
NA19908,GnomAD,AFR,ASW
NA19909,GnomAD,AFR,ASW
NA19913,GnomAD,AFR,ASW
NA19914,GnomAD,AFR,ASW
NA19916,GnomAD,AFR,ASW
NA19917,GnomAD,AFR,ASW
NA19920,GnomAD,AFR,ASW
NA19921,GnomAD,AFR,ASW
NA19922,GnomAD,AFR,ASW
NA19923,GnomAD,AFR,ASW
NA19982,GnomAD,AFR,ASW
NA19984,GnomAD,AFR,ASW
NA20126,GnomAD,AFR,ASW
NA20127,GnomAD,AFR,ASW
NA20276,GnomAD,AFR,ASW
NA20278,GnomAD,AFR,ASW
NA20281,GnomAD,AFR,ASW
NA20282,GnomAD,AFR,ASW
NA20287,GnomAD,AFR,ASW
NA20289,GnomAD,AFR,ASW
NA20291,GnomAD,AFR,ASW
NA20294,GnomAD,AFR,ASW
NA20296,GnomAD,AFR,ASW
NA20298,GnomAD,AFR,ASW
NA20318,GnomAD,AFR,ASW
NA20320,GnomAD,AFR,ASW
NA20332,GnomAD,AFR,ASW
NA20334,GnomAD,AFR,ASW
NA20339,GnomAD,AFR,ASW
NA20340,GnomAD,AFR,ASW
NA20342,GnomAD,AFR,ASW
NA20346,GnomAD,AFR,ASW
NA20348,GnomAD,AFR,ASW
NA20351,GnomAD,AFR,ASW
NA20356,GnomAD,AFR,ASW
NA20357,GnomAD,AFR,ASW
NA20359,GnomAD,AFR,ASW
NA20412,GnomAD,AFR,ASW
SS6004470,GnomAD,AFR,Mandenka
SS6004473,GnomAD,AFR,San
SS6004475,GnomAD,AFR,Yoruba
